timestamp,equity,position,side,price,stop
2023-01-11 22:00:00+00:00,10000.0,0.0,flat,98.15177582791057,
2023-01-11 23:00:00+00:00,10000.0,0.0,flat,96.17094266366355,
2023-01-12 00:00:00+00:00,10000.0,0.0,flat,95.69594233376489,
2023-01-12 01:00:00+00:00,10000.0,0.0,flat,93.3466734458434,
2023-01-12 02:00:00+00:00,10000.0,0.0,flat,96.45421696251825,
2023-01-12 03:00:00+00:00,10000.0,0.0,flat,93.74380967939324,
2023-01-12 04:00:00+00:00,10000.0,0.0,flat,92.93169331904991,
2023-01-12 05:00:00+00:00,10000.0,0.0,flat,93.18432812581698,
2023-01-12 06:00:00+00:00,10000.0,0.0,flat,95.91908967151306,
2023-01-12 07:00:00+00:00,10000.0,0.0,flat,93.21305408317893,
2023-01-12 08:00:00+00:00,10000.0,0.0,flat,95.41645541404186,
2023-01-12 09:00:00+00:00,10000.0,0.0,flat,95.4455295364477,
2023-01-12 10:00:00+00:00,10000.0,0.0,flat,93.59954668810465,
2023-01-12 11:00:00+00:00,10000.0,0.0,flat,94.47805732147319,
2023-01-12 12:00:00+00:00,10000.0,0.0,flat,94.86442848531411,
2023-01-12 13:00:00+00:00,10000.0,0.0,flat,93.74182548756936,
2023-01-12 14:00:00+00:00,10000.0,0.0,flat,93.8821721235478,
2023-01-12 15:00:00+00:00,10000.0,0.0,flat,93.17078771373512,
2023-01-12 16:00:00+00:00,10000.0,0.0,flat,93.39189675106637,
2023-01-12 17:00:00+00:00,10000.0,0.0,flat,94.64633889070923,
2023-01-12 18:00:00+00:00,10000.0,0.0,flat,97.70644584133294,
2023-01-12 19:00:00+00:00,10000.0,0.0,flat,95.3268223464282,
2023-01-12 20:00:00+00:00,10000.0,0.0,flat,99.49146785104975,
2023-01-12 21:00:00+00:00,10000.0,0.0,flat,95.69156305776545,
2023-01-12 22:00:00+00:00,10000.0,0.0,flat,95.4110531024801,
2023-01-12 23:00:00+00:00,10000.0,0.0,flat,96.5499775628529,
2023-01-13 00:00:00+00:00,10000.0,0.0,flat,97.10381013727986,
2023-01-13 01:00:00+00:00,10000.0,0.0,flat,95.91157022298785,
2023-01-13 02:00:00+00:00,10000.0,0.0,flat,95.52272510912765,
2023-01-13 03:00:00+00:00,10000.0,0.0,flat,94.59495641112525,
2023-01-13 04:00:00+00:00,10000.0,0.0,flat,93.4958326398635,
2023-01-13 05:00:00+00:00,10000.0,0.0,flat,95.10760231195619,
2023-01-13 06:00:00+00:00,10000.0,0.0,flat,95.79870970604118,
2023-01-13 07:00:00+00:00,10000.0,0.0,flat,94.489718001126,
2023-01-13 08:00:00+00:00,10000.0,0.0,flat,96.21478363150314,
2023-01-13 09:00:00+00:00,10000.0,0.0,flat,96.81762094629345,
2023-01-13 10:00:00+00:00,10000.0,0.0,flat,98.41431338035015,
2023-01-13 11:00:00+00:00,10000.0,0.0,flat,99.67140560820759,
2023-01-13 12:00:00+00:00,10000.0,0.0,flat,98.04229147866863,
2023-01-13 13:00:00+00:00,10000.0,0.0,flat,96.95968858022835,
2023-01-13 14:00:00+00:00,10000.0,0.0,flat,98.429561686242,
2023-01-13 15:00:00+00:00,10000.0,0.0,flat,99.6484595455359,
2023-01-13 16:00:00+00:00,10000.0,0.0,flat,99.61677319758046,
2023-01-13 17:00:00+00:00,10000.0,0.0,flat,99.86078875769364,
2023-01-13 18:00:00+00:00,10000.0,0.0,flat,102.45568888957972,
2023-01-13 19:00:00+00:00,10000.0,0.0,flat,101.26076018937653,
2023-01-13 20:00:00+00:00,10000.0,0.0,flat,102.38507207274041,
2023-01-13 21:00:00+00:00,10000.0,0.0,flat,101.9820755958988,
2023-01-13 22:00:00+00:00,10000.0,0.0,flat,101.54920347530063,
2023-01-13 23:00:00+00:00,10000.0,0.0,flat,103.81588371891324,
2023-01-14 00:00:00+00:00,10000.0,0.0,flat,105.55448956453037,
2023-01-14 01:00:00+00:00,10000.0,0.0,flat,107.29665781031868,
2023-01-14 02:00:00+00:00,10000.0,0.0,flat,110.14603510753003,
2023-01-14 13:00:00+00:00,10000.0,0.0,flat,111.00370909997143,
2023-01-14 14:00:00+00:00,10000.0,0.0,flat,113.61616952648923,
2023-01-14 15:00:00+00:00,10000.0,0.0,flat,115.44094348952187,
2023-01-14 16:00:00+00:00,10000.0,0.0,flat,116.90264375628941,
2023-01-14 17:00:00+00:00,10000.0,0.0,flat,118.39285732043965,
2023-01-14 18:00:00+00:00,10000.0,0.0,flat,118.37569924100275,
2023-01-14 19:00:00+00:00,10000.0,0.0,flat,116.28201112270946,
2023-01-14 20:00:00+00:00,10000.0,0.0,flat,116.47008538504559,
2023-01-14 21:00:00+00:00,10000.0,0.0,flat,114.91482801314383,
2023-01-14 22:00:00+00:00,10000.0,0.0,flat,117.18965703102006,
2023-01-14 23:00:00+00:00,10000.0,0.0,flat,116.85717645153797,
2023-01-15 00:00:00+00:00,10000.0,0.0,flat,114.95520504061598,
2023-01-15 01:00:00+00:00,10000.0,0.0,flat,114.23009761131591,
2023-01-15 02:00:00+00:00,10000.0,0.0,flat,115.1889062079712,
2023-01-15 03:00:00+00:00,10000.0,0.0,flat,113.90889386849761,
2023-01-15 04:00:00+00:00,10000.0,0.0,flat,112.06225267988567,
2023-01-15 05:00:00+00:00,10000.0,0.0,flat,112.62101006882045,
2023-01-15 06:00:00+00:00,10000.0,0.0,flat,113.1854495576902,
2023-01-15 07:00:00+00:00,10000.0,0.0,flat,112.05488058710922,
2023-01-15 08:00:00+00:00,10000.0,0.0,flat,111.0152956437596,
2023-01-15 09:00:00+00:00,10000.0,0.0,flat,111.54286864459861,
2023-01-15 10:00:00+00:00,10000.0,0.0,flat,108.36956699701157,
2023-01-15 11:00:00+00:00,10000.0,0.0,flat,105.37211387297138,
2023-01-15 12:00:00+00:00,10000.0,0.0,flat,103.87924745668602,
2023-01-15 13:00:00+00:00,10000.0,0.0,flat,103.44708225357844,
2023-01-15 14:00:00+00:00,10000.0,0.0,flat,104.10274568129078,
2023-01-15 15:00:00+00:00,10000.0,0.0,flat,107.23100955383093,
2023-01-15 16:00:00+00:00,10000.0,0.0,flat,109.09713885267962,
2023-01-15 17:00:00+00:00,10000.0,0.0,flat,108.75959510176614,
2023-01-15 18:00:00+00:00,10000.0,0.0,flat,108.72911143269302,
2023-01-15 19:00:00+00:00,10000.0,0.0,flat,106.5813971214084,
2023-01-15 20:00:00+00:00,10000.0,0.0,flat,106.55259603524243,
2023-01-15 21:00:00+00:00,10000.0,0.0,flat,105.94981620171792,
2023-01-15 22:00:00+00:00,10000.0,0.0,flat,106.64653139717444,
2023-01-15 23:00:00+00:00,10000.0,0.0,flat,104.90711108493034,
2023-01-16 00:00:00+00:00,10000.0,0.0,flat,106.01305348011107,
2023-01-16 01:00:00+00:00,10000.0,0.0,flat,109.32411595024902,
2023-01-16 02:00:00+00:00,10000.0,0.0,flat,109.09748145784937,
2023-01-16 03:00:00+00:00,10000.0,0.0,flat,109.98852501460811,
2023-01-16 04:00:00+00:00,10000.0,0.0,flat,111.52836153926731,
2023-01-16 05:00:00+00:00,10000.0,0.0,flat,110.6480576892258,
2023-01-16 06:00:00+00:00,10000.0,0.0,flat,111.15619366445706,
2023-01-16 07:00:00+00:00,10000.0,0.0,flat,111.19531063183368,
2023-01-16 08:00:00+00:00,10000.0,0.0,flat,111.42388725852345,
2023-01-16 09:00:00+00:00,10000.0,0.0,flat,109.72547193590007,
2023-01-16 10:00:00+00:00,10000.0,0.0,flat,109.79025140650376,
2023-01-16 11:00:00+00:00,10000.0,0.0,flat,110.90031180664286,
2023-01-16 12:00:00+00:00,10000.0,0.0,flat,114.17753688696546,
2023-01-16 13:00:00+00:00,10000.0,0.0,flat,116.40086826977014,
2023-01-16 14:00:00+00:00,10000.0,0.0,flat,121.53516487945248,
2023-01-16 15:00:00+00:00,10000.0,0.0,flat,119.69617923223323,
2023-01-16 16:00:00+00:00,10000.0,0.0,flat,121.81495186556785,
2023-01-16 17:00:00+00:00,10000.0,0.0,flat,122.27467462030364,
2023-01-17 04:00:00+00:00,10000.0,0.0,flat,122.0483123508253,
2023-01-17 05:00:00+00:00,10000.0,0.0,flat,120.6602682388884,
2023-01-17 06:00:00+00:00,10000.0,0.0,flat,118.52342290404559,
2023-01-17 07:00:00+00:00,10000.0,0.0,flat,119.70722693166158,
2023-01-17 08:00:00+00:00,10000.0,0.0,flat,116.59942260447227,
2023-01-17 09:00:00+00:00,10000.0,0.0,flat,120.96164323531853,
2023-01-17 10:00:00+00:00,10000.0,0.0,flat,123.86128866986654,
2023-01-17 11:00:00+00:00,10000.0,0.0,flat,122.71674170949389,
2023-01-17 12:00:00+00:00,10000.0,0.0,flat,118.59520978508957,
2023-01-17 13:00:00+00:00,10000.0,0.0,flat,121.86252237462125,
2023-01-17 14:00:00+00:00,10000.0,0.0,flat,121.595838569453,
2023-01-17 15:00:00+00:00,10000.0,0.0,flat,124.65614077494234,
2023-01-17 16:00:00+00:00,10000.0,0.0,flat,120.7558235732187,
2023-01-17 17:00:00+00:00,10000.0,0.0,flat,119.32883712034507,
2023-01-17 18:00:00+00:00,10000.0,0.0,flat,119.35328700033546,
2023-01-17 19:00:00+00:00,10000.0,0.0,flat,119.47743261530297,
2023-01-17 20:00:00+00:00,10000.0,0.0,flat,118.41864630096308,
2023-01-17 21:00:00+00:00,10000.0,0.0,flat,119.91500430317257,
2023-01-17 22:00:00+00:00,10000.0,0.0,flat,117.39341150500995,
2023-01-17 23:00:00+00:00,10000.0,0.0,flat,117.07130528716255,
2023-01-18 00:00:00+00:00,10000.0,0.0,flat,117.36504363779716,
2023-01-18 01:00:00+00:00,10000.0,0.0,flat,118.59067826534245,
2023-01-18 02:00:00+00:00,10000.0,0.0,flat,120.30259369064231,
2023-01-18 03:00:00+00:00,10000.0,0.0,flat,117.63861508112082,
2023-01-18 04:00:00+00:00,10000.0,0.0,flat,114.09541336540194,
2023-01-18 05:00:00+00:00,10000.0,0.0,flat,117.06023063884601,
2023-01-18 06:00:00+00:00,10000.0,0.0,flat,117.85262160009675,
2023-01-18 07:00:00+00:00,10000.0,0.0,flat,116.11314964170494,
2023-01-18 08:00:00+00:00,10000.0,0.0,flat,119.78376789553766,
2023-01-18 09:00:00+00:00,10000.0,0.0,flat,120.07321429111649,
2023-01-18 10:00:00+00:00,10000.0,0.0,flat,122.95121116757646,
2023-01-18 11:00:00+00:00,10000.0,0.0,flat,123.12966525091325,
2023-01-18 12:00:00+00:00,10000.0,0.0,flat,128.32331114997135,
2023-01-18 13:00:00+00:00,10000.0,0.0,flat,132.92163771704878,
2023-01-18 14:00:00+00:00,10000.0,0.0,flat,132.27465512300418,
2023-01-18 15:00:00+00:00,10000.0,0.0,flat,134.88356172602397,
2023-01-18 16:00:00+00:00,10000.0,0.0,flat,136.6495227029923,
2023-01-18 17:00:00+00:00,10000.0,0.0,flat,140.45568793641806,
2023-01-18 18:00:00+00:00,10000.0,0.0,flat,137.7848735437518,
2023-01-18 19:00:00+00:00,10000.0,0.0,flat,139.70242303383108,
2023-01-18 20:00:00+00:00,10000.0,0.0,flat,142.70550488969107,
2023-01-18 21:00:00+00:00,10000.0,0.0,flat,137.7869030208284,
2023-01-18 22:00:00+00:00,10000.0,0.0,flat,134.57789015997943,
2023-01-18 23:00:00+00:00,10000.0,0.0,flat,129.21252079924906,
2023-01-19 00:00:00+00:00,10000.0,0.0,flat,128.53103082154377,
2023-01-19 01:00:00+00:00,10000.0,0.0,flat,130.4018980899244,
2023-01-19 02:00:00+00:00,10000.0,0.0,flat,134.39300039424634,
2023-01-19 03:00:00+00:00,10000.0,0.0,flat,134.60576433217034,
2023-01-19 04:00:00+00:00,10000.0,0.0,flat,139.07627906354335,
2023-01-19 05:00:00+00:00,10000.0,0.0,flat,135.30351629131715,
2023-01-19 06:00:00+00:00,10000.0,0.0,flat,130.7847543014349,
2023-01-19 07:00:00+00:00,10000.0,0.0,flat,130.65260374414186,
2023-01-19 08:00:00+00:00,10000.0,0.0,flat,131.67321772940343,
2023-01-19 19:00:00+00:00,10000.0,0.0,flat,121.49391485046897,
2023-01-19 20:00:00+00:00,10000.0,0.0,flat,119.1340889993231,
2023-01-19 21:00:00+00:00,10000.0,0.0,flat,120.35318006759985,
2023-01-19 22:00:00+00:00,10000.0,0.0,flat,119.09546936092556,
2023-01-19 23:00:00+00:00,10000.0,0.0,flat,117.23353585998485,
2023-01-20 00:00:00+00:00,10000.0,0.0,flat,116.99455218157027,
2023-01-20 01:00:00+00:00,10000.0,0.0,flat,114.60856328165603,
2023-01-20 02:00:00+00:00,10000.0,0.0,flat,113.35783974459808,
2023-01-20 03:00:00+00:00,10000.0,0.0,flat,110.68540417558883,
2023-01-20 04:00:00+00:00,10000.0,0.0,flat,115.13282748114923,
2023-01-20 05:00:00+00:00,10000.0,0.0,flat,115.22557795243014,
2023-01-20 06:00:00+00:00,10000.0,0.0,flat,113.63564622906361,
2023-01-20 07:00:00+00:00,10000.0,0.0,flat,114.13441611101835,
2023-01-20 08:00:00+00:00,10000.0,0.0,flat,113.88968238724718,
2023-01-20 09:00:00+00:00,10000.0,0.0,flat,113.39880910557605,
2023-01-20 10:00:00+00:00,10000.0,0.0,flat,114.81179511650733,
2023-01-20 11:00:00+00:00,10000.0,0.0,flat,116.5761115515896,
2023-01-20 12:00:00+00:00,10000.0,0.0,flat,115.35730997886171,
2023-01-20 13:00:00+00:00,10000.0,0.0,flat,114.04783777281517,
2023-01-20 14:00:00+00:00,10000.0,0.0,flat,113.43352199342114,
2023-01-20 15:00:00+00:00,10000.0,0.0,flat,108.34044446502764,
2023-01-20 16:00:00+00:00,10000.0,0.0,flat,105.11707315753983,
2023-01-20 17:00:00+00:00,10000.0,0.0,flat,108.04115256643989,
2023-01-20 18:00:00+00:00,10000.0,0.0,flat,111.66591938924158,
2023-01-20 19:00:00+00:00,10000.0,0.0,flat,111.12223707487988,
2023-01-20 20:00:00+00:00,10000.0,0.0,flat,112.42226101310003,
2023-01-20 21:00:00+00:00,10000.0,0.0,flat,113.13558567374828,
2023-01-20 22:00:00+00:00,10000.0,0.0,flat,120.33320327269838,
2023-01-20 23:00:00+00:00,10000.0,0.0,flat,123.07034310392615,
2023-01-21 00:00:00+00:00,10000.0,0.0,flat,122.76816448365176,
2023-01-21 01:00:00+00:00,10000.0,0.0,flat,120.45628733538778,
2023-01-21 02:00:00+00:00,10000.0,0.0,flat,116.65933255322099,
2023-01-21 03:00:00+00:00,10000.0,0.0,flat,117.14673247121652,
2023-01-21 04:00:00+00:00,10000.0,0.0,flat,115.39952729342518,
2023-01-21 05:00:00+00:00,10000.0,0.0,flat,112.17444268989922,
2023-01-21 06:00:00+00:00,10000.0,0.0,flat,110.7442762578111,
2023-01-21 07:00:00+00:00,10000.0,0.0,flat,108.38533196484819,
2023-01-21 08:00:00+00:00,10000.0,0.0,flat,112.11617366501568,
2023-01-21 09:00:00+00:00,10000.0,0.0,flat,114.12203904219626,
2023-01-21 10:00:00+00:00,10000.0,0.0,flat,114.1152543661145,
2023-01-21 11:00:00+00:00,10000.0,0.0,flat,117.5551780361642,
2023-01-21 12:00:00+00:00,10000.0,0.0,flat,117.7489940567096,
2023-01-21 13:00:00+00:00,10000.0,0.0,flat,115.74963108500297,
2023-01-21 14:00:00+00:00,10000.0,0.0,flat,119.34184086259259,
2023-01-21 15:00:00+00:00,10000.0,0.0,flat,120.64715222774464,
2023-01-21 16:00:00+00:00,10000.0,0.0,flat,118.1819357103814,
2023-01-21 17:00:00+00:00,10000.0,0.0,flat,117.74467295330857,
2023-01-21 18:00:00+00:00,10000.0,0.0,flat,115.71220610225512,
2023-01-21 19:00:00+00:00,10000.0,0.0,flat,112.56717244685126,
2023-01-21 20:00:00+00:00,10000.0,0.0,flat,114.68321587986368,
2023-01-21 21:00:00+00:00,10000.0,0.0,flat,119.15939083055642,
2023-01-21 22:00:00+00:00,10000.0,0.0,flat,115.88411279985307,
2023-01-21 23:00:00+00:00,10000.0,0.0,flat,117.20799000133981,
2023-01-22 10:00:00+00:00,10000.0,0.0,flat,106.4267696506211,
2023-01-22 11:00:00+00:00,10000.0,0.0,flat,108.05765899453034,
2023-01-22 12:00:00+00:00,10000.0,0.0,flat,109.15657375634437,
2023-01-22 13:00:00+00:00,10000.0,0.0,flat,107.05387400202912,
2023-01-22 14:00:00+00:00,10000.0,0.0,flat,107.27749077502162,
2023-01-22 15:00:00+00:00,10000.0,0.0,flat,108.91269431263495,
2023-01-22 16:00:00+00:00,10000.0,0.0,flat,105.3468759763627,
2023-01-22 17:00:00+00:00,10000.0,0.0,flat,106.50859540254838,
2023-01-22 18:00:00+00:00,10000.0,0.0,flat,105.11691582262613,
2023-01-22 19:00:00+00:00,10000.0,0.0,flat,106.3340111014086,
2023-01-22 20:00:00+00:00,10000.0,0.0,flat,104.73360226862299,
2023-01-22 21:00:00+00:00,10000.0,0.0,flat,101.03049105822346,
2023-01-22 22:00:00+00:00,10000.0,0.0,flat,97.80459056083524,
2023-01-22 23:00:00+00:00,10000.0,0.0,flat,97.90848473270499,
2023-01-23 00:00:00+00:00,10000.0,0.0,flat,98.42823098425664,
2023-01-23 01:00:00+00:00,10000.0,0.0,flat,96.67369423518358,
2023-01-23 02:00:00+00:00,10000.0,0.0,flat,97.92610658600263,
2023-01-23 03:00:00+00:00,10000.0,0.0,flat,94.73492975406782,
2023-01-23 04:00:00+00:00,10000.0,0.0,flat,94.61927260292083,
2023-01-23 05:00:00+00:00,10000.0,0.0,flat,92.36432939614231,
2023-01-23 06:00:00+00:00,10000.0,0.0,flat,91.17713349860934,
2023-01-23 07:00:00+00:00,10000.0,0.0,flat,91.2727347966651,
2023-01-23 08:00:00+00:00,10000.0,0.0,flat,89.72449803915646,
2023-01-23 09:00:00+00:00,10000.0,0.0,flat,89.04596808190074,
2023-01-23 10:00:00+00:00,10000.0,0.0,flat,90.86533614184789,
2023-01-23 11:00:00+00:00,10000.0,0.0,flat,89.8319542953042,
2023-01-23 12:00:00+00:00,10000.0,0.0,flat,91.35514405489948,
2023-01-23 13:00:00+00:00,10000.0,0.0,flat,89.32312881530183,
2023-01-23 14:00:00+00:00,10000.0,0.0,flat,90.28366429107041,
2023-01-23 15:00:00+00:00,10000.0,0.0,flat,92.93384645609338,
2023-01-23 16:00:00+00:00,10000.0,0.0,flat,88.4604024202565,
2023-01-23 17:00:00+00:00,10000.0,0.0,flat,87.07041128983577,
2023-01-23 18:00:00+00:00,10000.0,0.0,flat,88.08995947156195,
2023-01-23 19:00:00+00:00,10000.0,0.0,flat,87.74173337195448,
2023-01-23 20:00:00+00:00,10000.0,0.0,flat,88.40429626878556,
2023-01-23 21:00:00+00:00,10000.0,0.0,flat,87.35155733107638,
2023-01-23 22:00:00+00:00,10000.0,0.0,flat,87.51171418504262,
2023-01-23 23:00:00+00:00,10000.0,0.0,flat,87.24839068972895,
2023-01-24 00:00:00+00:00,10000.0,0.0,flat,89.31904699255419,
2023-01-24 01:00:00+00:00,10000.0,0.0,flat,89.78367574394876,
2023-01-24 02:00:00+00:00,10000.0,0.0,flat,90.40099079287943,
2023-01-24 03:00:00+00:00,10000.0,0.0,flat,89.66833422932285,
2023-01-24 04:00:00+00:00,10000.0,0.0,flat,88.80700780722528,
2023-01-24 05:00:00+00:00,10000.0,0.0,flat,88.05084219644766,
2023-01-24 06:00:00+00:00,10000.0,0.0,flat,88.75710155927334,
2023-01-24 07:00:00+00:00,10000.0,0.0,flat,88.02173328263116,
2023-01-24 08:00:00+00:00,10000.0,0.0,flat,88.54219785048303,
2023-01-24 09:00:00+00:00,10000.0,0.0,flat,92.30398049648674,
2023-01-24 10:00:00+00:00,10000.0,0.0,flat,93.93562998351848,
2023-01-24 11:00:00+00:00,10000.0,0.0,flat,93.33445101995827,
2023-01-24 12:00:00+00:00,10000.0,0.0,flat,95.61345645855427,
2023-01-24 13:00:00+00:00,10000.0,0.0,flat,94.84576639313363,
2023-01-24 14:00:00+00:00,10000.0,0.0,flat,91.06646002698517,
2023-01-25 01:00:00+00:00,10000.0,0.0,flat,87.93785631820384,
2023-01-25 02:00:00+00:00,10000.0,0.0,flat,85.38399421843101,
2023-01-25 03:00:00+00:00,10000.0,0.0,flat,87.36840712427988,
2023-01-25 04:00:00+00:00,10000.0,0.0,flat,87.97068824905507,
2023-01-25 05:00:00+00:00,10000.0,0.0,flat,87.25177569103145,
2023-01-25 06:00:00+00:00,10000.0,0.0,flat,88.37185618073688,
2023-01-25 07:00:00+00:00,10000.0,0.0,flat,92.48693646258458,
2023-01-25 08:00:00+00:00,10000.0,0.0,flat,92.83323692738425,
2023-01-25 09:00:00+00:00,10000.0,0.0,flat,93.30457517910995,
2023-01-25 10:00:00+00:00,10000.0,0.0,flat,92.46053695280351,
2023-01-25 11:00:00+00:00,10000.0,0.0,flat,90.91136660817733,
2023-01-25 12:00:00+00:00,10000.0,0.0,flat,92.44295530644308,
2023-01-25 13:00:00+00:00,10000.0,0.0,flat,90.88273765585016,
2023-01-25 14:00:00+00:00,10000.0,0.0,flat,91.02201525325926,
2023-01-25 15:00:00+00:00,10000.0,0.0,flat,90.16562475751991,
2023-01-25 16:00:00+00:00,10000.0,0.0,flat,91.04262930221866,
2023-01-25 17:00:00+00:00,10000.0,0.0,flat,91.66137616807879,
2023-01-25 18:00:00+00:00,10000.0,0.0,flat,93.59265345626444,
2023-01-25 19:00:00+00:00,10000.0,0.0,flat,92.65209493094025,
2023-01-25 20:00:00+00:00,10000.0,0.0,flat,92.16256835596465,
2023-01-25 21:00:00+00:00,10000.0,0.0,flat,90.38504214315459,
2023-01-25 22:00:00+00:00,10000.0,0.0,flat,89.59440962783385,
2023-01-25 23:00:00+00:00,10000.0,0.0,flat,90.28207496514747,
2023-01-26 00:00:00+00:00,10000.0,0.0,flat,91.66849073077798,
2023-01-26 01:00:00+00:00,10000.0,0.0,flat,90.00231580790279,
2023-01-26 02:00:00+00:00,10000.0,0.0,flat,91.59049680248452,
2023-01-26 03:00:00+00:00,10000.0,0.0,flat,94.11714942293433,
2023-01-26 04:00:00+00:00,10000.0,0.0,flat,94.90809239445869,
2023-01-26 05:00:00+00:00,10000.0,0.0,flat,98.54811352401694,
2023-01-26 06:00:00+00:00,10000.0,0.0,flat,97.04444865565698,
2023-01-26 07:00:00+00:00,10000.0,0.0,flat,94.66799802548476,
2023-01-26 08:00:00+00:00,10000.0,0.0,flat,91.3685756492044,
2023-01-26 09:00:00+00:00,10000.0,0.0,flat,94.15312952195934,
2023-01-26 10:00:00+00:00,10000.0,0.0,flat,95.40297929008894,
2023-01-26 11:00:00+00:00,10000.0,0.0,flat,95.30650953100202,
2023-01-26 12:00:00+00:00,10000.0,0.0,flat,95.85124769130915,
2023-01-26 13:00:00+00:00,10000.0,0.0,flat,93.72713160841985,
2023-01-26 14:00:00+00:00,10000.0,0.0,flat,98.43562145213703,
2023-01-26 15:00:00+00:00,10000.0,0.0,flat,98.70021934886304,
2023-01-26 16:00:00+00:00,10000.0,0.0,flat,98.92629369392826,
2023-01-26 17:00:00+00:00,10000.0,0.0,flat,100.3827517506229,
2023-01-26 18:00:00+00:00,10000.0,0.0,flat,101.36324821519041,
2023-01-26 19:00:00+00:00,10000.0,0.0,flat,101.82832044239154,
2023-01-26 20:00:00+00:00,10000.0,0.0,flat,100.24114901863189,
2023-01-26 21:00:00+00:00,10000.0,0.0,flat,101.200949613377,
2023-01-26 22:00:00+00:00,10000.0,0.0,flat,105.09331084878475,
2023-01-26 23:00:00+00:00,10000.0,0.0,flat,107.97039089899731,
2023-01-27 00:00:00+00:00,10000.0,0.0,flat,111.47727558609843,
2023-01-27 01:00:00+00:00,10000.0,0.0,flat,110.35433877084017,
2023-01-27 02:00:00+00:00,10000.0,0.0,flat,108.20248726309778,
2023-01-27 03:00:00+00:00,10000.0,0.0,flat,107.94141382894963,
2023-01-27 04:00:00+00:00,10000.0,0.0,flat,108.07258812604455,
2023-01-27 05:00:00+00:00,10000.0,0.0,flat,110.47474513322311,
2023-01-27 16:00:00+00:00,10000.0,0.0,flat,99.1967191925834,
2023-01-27 17:00:00+00:00,10000.0,0.0,flat,102.57409049879658,
2023-01-27 18:00:00+00:00,10000.0,0.0,flat,102.05312842245577,
2023-01-27 19:00:00+00:00,10000.0,0.0,flat,99.04068105767335,
2023-01-27 20:00:00+00:00,10000.0,0.0,flat,98.56496010138885,
2023-01-27 21:00:00+00:00,10000.0,0.0,flat,98.03860727013056,
2023-01-27 22:00:00+00:00,10000.0,0.0,flat,92.89999759847582,
2023-01-27 23:00:00+00:00,10000.0,0.0,flat,92.80845287311863,
2023-01-28 00:00:00+00:00,10000.0,0.0,flat,92.39002627128242,
2023-01-28 01:00:00+00:00,10000.0,0.0,flat,93.69484383897954,
2023-01-28 02:00:00+00:00,10000.0,0.0,flat,97.23417858873034,
2023-01-28 03:00:00+00:00,10000.0,0.0,flat,99.45980391820119,
2023-01-28 04:00:00+00:00,10000.0,0.0,flat,98.93626035734255,
2023-01-28 05:00:00+00:00,10000.0,0.0,flat,96.78047697846846,
2023-01-28 06:00:00+00:00,10000.0,0.0,flat,101.902093625397,
2023-01-28 07:00:00+00:00,10000.0,0.0,flat,102.03305756789518,
2023-01-28 08:00:00+00:00,10000.0,0.0,flat,102.0716931515056,
2023-01-28 09:00:00+00:00,10000.0,0.0,flat,102.03265801702524,
2023-01-28 10:00:00+00:00,10000.0,0.0,flat,102.44792635170445,
2023-01-28 11:00:00+00:00,10000.0,0.0,flat,102.16278021279285,
2023-01-28 12:00:00+00:00,10000.0,0.0,flat,101.00744081016673,
2023-01-28 13:00:00+00:00,10000.0,0.0,flat,99.91871512432287,
2023-01-28 14:00:00+00:00,10000.0,0.0,flat,99.86326909182405,
2023-01-28 15:00:00+00:00,10000.0,0.0,flat,98.79366130499423,
2023-01-28 16:00:00+00:00,10000.0,0.0,flat,97.40490124861408,
2023-01-28 17:00:00+00:00,10000.0,0.0,flat,97.62222032429759,
2023-01-28 18:00:00+00:00,10000.0,0.0,flat,97.1353717290494,
2023-01-28 19:00:00+00:00,10000.0,0.0,flat,100.11158863374605,
2023-01-28 20:00:00+00:00,10000.0,0.0,flat,94.95148282303713,
2023-01-28 21:00:00+00:00,10000.0,0.0,flat,97.05678223099153,
2023-01-28 22:00:00+00:00,10000.0,0.0,flat,99.51594622660843,
2023-01-28 23:00:00+00:00,10000.0,0.0,flat,95.48317846646971,
2023-01-29 00:00:00+00:00,10000.0,0.0,flat,94.84048152104381,
2023-01-29 01:00:00+00:00,10000.0,0.0,flat,94.14795376188742,
2023-01-29 02:00:00+00:00,10000.0,0.0,flat,91.54377628030961,
2023-01-29 03:00:00+00:00,10000.0,0.0,flat,90.1397238249258,
2023-01-29 04:00:00+00:00,10000.0,0.0,flat,88.16847179821958,
2023-01-29 05:00:00+00:00,10000.0,0.0,flat,91.32228519373581,
2023-01-29 06:00:00+00:00,10000.0,0.0,flat,93.05664681244602,
2023-01-29 07:00:00+00:00,10000.0,0.0,flat,95.4630742009645,
2023-01-29 08:00:00+00:00,10000.0,0.0,flat,96.86061210285618,
2023-01-29 09:00:00+00:00,10000.0,0.0,flat,94.70737938710211,
2023-01-29 10:00:00+00:00,10000.0,0.0,flat,93.72842599655065,
2023-01-29 11:00:00+00:00,10000.0,0.0,flat,94.65976168534654,
2023-01-29 12:00:00+00:00,10000.0,0.0,flat,92.3833207242826,
2023-01-29 13:00:00+00:00,10000.0,0.0,flat,93.71951318915725,
2023-01-29 14:00:00+00:00,10000.0,0.0,flat,93.27945792813688,
2023-01-29 15:00:00+00:00,10000.0,0.0,flat,92.59206947822011,
2023-01-29 16:00:00+00:00,10000.0,0.0,flat,93.92745176611926,
2023-01-29 17:00:00+00:00,10000.0,0.0,flat,94.77521792514375,
2023-01-29 18:00:00+00:00,10000.0,0.0,flat,94.1028786464831,
2023-01-29 19:00:00+00:00,10000.0,0.0,flat,96.31992795121869,
2023-01-29 20:00:00+00:00,10000.0,0.0,flat,94.26914795250794,
2023-01-30 07:00:00+00:00,10000.0,0.0,flat,92.73966683055153,
2023-01-30 08:00:00+00:00,10000.0,0.0,flat,89.90591215306793,
2023-01-30 09:00:00+00:00,10000.0,0.0,flat,91.01132069330386,
2023-01-30 10:00:00+00:00,10000.0,0.0,flat,88.71911031235986,
2023-01-30 11:00:00+00:00,10000.0,0.0,flat,91.89725859318611,
2023-01-30 12:00:00+00:00,10000.0,0.0,flat,88.15817202399752,
2023-01-30 13:00:00+00:00,10000.0,0.0,flat,91.20974439421585,
2023-01-30 14:00:00+00:00,10000.0,0.0,flat,91.60465481480502,
2023-01-30 15:00:00+00:00,10000.0,0.0,flat,91.43678186428198,
2023-01-30 16:00:00+00:00,10000.0,0.0,flat,90.45472444714146,
2023-01-30 17:00:00+00:00,10000.0,0.0,flat,91.18880756288773,
2023-01-30 18:00:00+00:00,10000.0,0.0,flat,91.1293085903268,
2023-01-30 19:00:00+00:00,10000.0,0.0,flat,93.17183803745033,
2023-01-30 20:00:00+00:00,10000.0,0.0,flat,93.39427632340252,
2023-01-30 21:00:00+00:00,10000.0,0.0,flat,93.68481321119818,
2023-01-30 22:00:00+00:00,10000.0,0.0,flat,93.01528672271479,
2023-01-30 23:00:00+00:00,10000.0,0.0,flat,92.91870216116689,
2023-01-31 00:00:00+00:00,10000.0,0.0,flat,93.50182697201413,
2023-01-31 01:00:00+00:00,10000.0,0.0,flat,90.36686007157792,
2023-01-31 02:00:00+00:00,10000.0,0.0,flat,87.97158807970006,
2023-01-31 03:00:00+00:00,10000.0,0.0,flat,89.29800806195868,
2023-01-31 04:00:00+00:00,10000.0,0.0,flat,89.61264974979552,
2023-01-31 05:00:00+00:00,10000.0,0.0,flat,89.29243979355725,
2023-01-31 06:00:00+00:00,10000.0,0.0,flat,89.3342990632116,
2023-01-31 07:00:00+00:00,10000.0,0.0,flat,89.96647818172987,
2023-01-31 08:00:00+00:00,10000.0,0.0,flat,89.00939648964416,
2023-01-31 09:00:00+00:00,10000.0,0.0,flat,87.64335960875083,
2023-01-31 10:00:00+00:00,10000.0,0.0,flat,87.99612270071279,
2023-01-31 11:00:00+00:00,10000.0,0.0,flat,86.29962888030566,
2023-01-31 12:00:00+00:00,10000.0,0.0,flat,87.01585581972341,
2023-01-31 13:00:00+00:00,10000.0,0.0,flat,84.1111115034353,
2023-01-31 14:00:00+00:00,10000.0,0.0,flat,85.86890678119403,
2023-01-31 15:00:00+00:00,10000.0,0.0,flat,86.69305208612275,
2023-01-31 16:00:00+00:00,10000.0,0.0,flat,87.14682482433761,
2023-01-31 17:00:00+00:00,10000.0,0.0,flat,88.88542292924879,
2023-01-31 18:00:00+00:00,10000.0,0.0,flat,91.90520325448024,
2023-01-31 19:00:00+00:00,10000.0,0.0,flat,93.79814200014171,
2023-01-31 20:00:00+00:00,10000.0,0.0,flat,90.41657144910315,
2023-01-31 21:00:00+00:00,10000.0,0.0,flat,88.14084300495665,
2023-01-31 22:00:00+00:00,10000.0,0.0,flat,87.05496077140131,
2023-01-31 23:00:00+00:00,10000.0,0.0,flat,87.10911020841408,
2023-02-01 00:00:00+00:00,10000.0,0.0,flat,88.02445324078217,
2023-02-01 01:00:00+00:00,10000.0,0.0,flat,86.76469309607575,
2023-02-01 02:00:00+00:00,10000.0,0.0,flat,87.0981037475119,
2023-02-01 03:00:00+00:00,10000.0,0.0,flat,85.80072479847463,
2023-02-01 04:00:00+00:00,10000.0,0.0,flat,84.76621860592418,
2023-02-01 05:00:00+00:00,10000.0,0.0,flat,82.42294657471106,
2023-02-01 06:00:00+00:00,10000.0,0.0,flat,80.92309110385737,
2023-02-01 07:00:00+00:00,10000.0,0.0,flat,78.77262349794087,
2023-02-01 08:00:00+00:00,10000.0,0.0,flat,77.25781331519642,
2023-02-01 09:00:00+00:00,10000.0,0.0,flat,78.91102009993315,
2023-02-01 10:00:00+00:00,10000.0,0.0,flat,77.43453827888057,
2023-02-01 11:00:00+00:00,10000.0,0.0,flat,81.62867041249157,
2023-02-01 22:00:00+00:00,10000.0,0.0,flat,86.6704310488034,
2023-02-01 23:00:00+00:00,10000.0,0.0,flat,89.80393458224435,
2023-02-02 00:00:00+00:00,10000.0,0.0,flat,88.69375208775183,
2023-02-02 01:00:00+00:00,10000.0,0.0,flat,91.97698836543461,
2023-02-02 02:00:00+00:00,10000.0,0.0,flat,93.29751360262475,
2023-02-02 03:00:00+00:00,10000.0,0.0,flat,92.26308562835156,
2023-02-02 04:00:00+00:00,10000.0,0.0,flat,93.446798772786,
2023-02-02 05:00:00+00:00,10000.0,0.0,flat,95.29176220514528,
2023-02-02 06:00:00+00:00,10000.0,0.0,flat,96.49387796050901,
2023-02-02 07:00:00+00:00,10000.0,0.0,flat,93.51997698913779,
2023-02-02 08:00:00+00:00,10000.0,0.0,flat,92.17899895848093,
2023-02-02 09:00:00+00:00,10000.0,0.0,flat,91.732979013314,
2023-02-02 10:00:00+00:00,10000.0,0.0,flat,91.60568071545508,
2023-02-02 11:00:00+00:00,10000.0,0.0,flat,92.7591851872245,
2023-02-02 12:00:00+00:00,10000.0,0.0,flat,93.09874911569231,
2023-02-02 13:00:00+00:00,10000.0,0.0,flat,90.65434440527417,
2023-02-02 14:00:00+00:00,10000.0,0.0,flat,91.35543871091046,
2023-02-02 15:00:00+00:00,10000.0,0.0,flat,92.48713308163667,
2023-02-02 16:00:00+00:00,10000.0,0.0,flat,93.53777280951543,
2023-02-02 17:00:00+00:00,10000.0,0.0,flat,95.59121824655736,
2023-02-02 18:00:00+00:00,10000.0,0.0,flat,97.20862086724885,
2023-02-02 19:00:00+00:00,10000.0,0.0,flat,98.11526894208569,
2023-02-02 20:00:00+00:00,10000.0,0.0,flat,97.98747721045466,
2023-02-02 21:00:00+00:00,10000.0,0.0,flat,94.79536050743988,
2023-02-02 22:00:00+00:00,10000.0,0.0,flat,95.62294795775115,
2023-02-02 23:00:00+00:00,10000.0,0.0,flat,96.03057077947868,
2023-02-03 00:00:00+00:00,10000.0,0.0,flat,96.56324315232125,
2023-02-03 01:00:00+00:00,10000.0,0.0,flat,94.13813187132024,
2023-02-03 02:00:00+00:00,10000.0,0.0,flat,92.13381773374138,
2023-02-03 03:00:00+00:00,10000.0,0.0,flat,94.10442951254753,
2023-02-03 04:00:00+00:00,10000.0,0.0,flat,94.0394161198051,
2023-02-03 05:00:00+00:00,10000.0,0.0,flat,95.3394831607816,
2023-02-03 06:00:00+00:00,10000.0,0.0,flat,95.40303546822744,
2023-02-03 07:00:00+00:00,10000.0,0.0,flat,95.46937534691799,
2023-02-03 08:00:00+00:00,10000.0,0.0,flat,97.28756643738522,
2023-02-03 09:00:00+00:00,10000.0,0.0,flat,96.29826486434831,
2023-02-03 10:00:00+00:00,10000.0,0.0,flat,96.49321704227947,
2023-02-03 11:00:00+00:00,10000.0,0.0,flat,95.61476085457747,
2023-02-03 12:00:00+00:00,10000.0,0.0,flat,94.79695474807697,
2023-02-03 13:00:00+00:00,10000.0,0.0,flat,94.22201351169343,
2023-02-03 14:00:00+00:00,10000.0,0.0,flat,94.65100718948824,
2023-02-03 15:00:00+00:00,10000.0,0.0,flat,93.75842677063312,
2023-02-03 16:00:00+00:00,10000.0,0.0,flat,96.15261501183716,
2023-02-03 17:00:00+00:00,10000.0,0.0,flat,94.45698284121099,
2023-02-03 18:00:00+00:00,10000.0,0.0,flat,94.11402602511019,
2023-02-03 19:00:00+00:00,10000.0,0.0,flat,93.29928727744904,
2023-02-03 20:00:00+00:00,10000.0,0.0,flat,96.04838034703272,
2023-02-03 21:00:00+00:00,10000.0,0.0,flat,96.43634197356907,
2023-02-03 22:00:00+00:00,10000.0,0.0,flat,98.45701064810028,
2023-02-03 23:00:00+00:00,10000.0,0.0,flat,95.58432147773807,
2023-02-04 00:00:00+00:00,10000.0,0.0,flat,96.10581371362719,
2023-02-04 01:00:00+00:00,10000.0,0.0,flat,97.84087422188964,
2023-02-04 02:00:00+00:00,10000.0,0.0,flat,98.01182222503981,
2023-02-04 13:00:00+00:00,10000.0,0.0,flat,108.99614753375384,
2023-02-04 14:00:00+00:00,10000.0,0.0,flat,106.11501230607455,
2023-02-04 15:00:00+00:00,10000.0,0.0,flat,104.19357724825365,
2023-02-04 16:00:00+00:00,10000.0,0.0,flat,102.13216127771582,
2023-02-04 17:00:00+00:00,10000.0,0.0,flat,100.58586311448339,
2023-02-04 18:00:00+00:00,10000.0,0.0,flat,100.52616323769303,
2023-02-04 19:00:00+00:00,10000.0,0.0,flat,101.00826235526159,
2023-02-04 20:00:00+00:00,10000.0,0.0,flat,104.20002079103085,
2023-02-04 21:00:00+00:00,10000.0,0.0,flat,102.15029897008357,
2023-02-04 22:00:00+00:00,10000.0,0.0,flat,104.1916191856072,
2023-02-04 23:00:00+00:00,10000.0,0.0,flat,103.75703033909109,
2023-02-05 00:00:00+00:00,10000.0,0.0,flat,103.66480290348024,
2023-02-05 01:00:00+00:00,10000.0,0.0,flat,105.08389538280734,
2023-02-05 02:00:00+00:00,10000.0,0.0,flat,102.76086545832126,
2023-02-05 03:00:00+00:00,10000.0,0.0,flat,103.56016925641933,
2023-02-05 04:00:00+00:00,10000.0,0.0,flat,103.91589119501843,
2023-02-05 05:00:00+00:00,10000.0,0.0,flat,104.9549130805779,
2023-02-05 06:00:00+00:00,10000.0,0.0,flat,105.57422199586364,
2023-02-05 07:00:00+00:00,10000.0,0.0,flat,110.89903961312334,
2023-02-05 08:00:00+00:00,10000.0,0.0,flat,109.5044770473638,
2023-02-05 09:00:00+00:00,10000.0,0.0,flat,108.35853480728177,
2023-02-05 10:00:00+00:00,10000.0,0.0,flat,107.02716546285104,
2023-02-05 11:00:00+00:00,10000.0,0.0,flat,105.85530799249237,
2023-02-05 12:00:00+00:00,10000.0,0.0,flat,104.52490832090491,
2023-02-05 13:00:00+00:00,10000.0,0.0,flat,107.05104007358737,
2023-02-05 14:00:00+00:00,10000.0,0.0,flat,110.14699762440334,
2023-02-05 15:00:00+00:00,10000.0,0.0,flat,108.90771691741045,
2023-02-05 16:00:00+00:00,10000.0,0.0,flat,107.1204367293573,
2023-02-05 17:00:00+00:00,10000.0,0.0,flat,108.14599172312592,
2023-02-05 18:00:00+00:00,10000.0,0.0,flat,106.96884551208505,
2023-02-05 19:00:00+00:00,10000.0,0.0,flat,108.3423656029122,
2023-02-05 20:00:00+00:00,10000.0,0.0,flat,108.79384111267132,
2023-02-05 21:00:00+00:00,10000.0,0.0,flat,105.5558126724155,
2023-02-05 22:00:00+00:00,10000.0,0.0,flat,108.88474605009986,
2023-02-05 23:00:00+00:00,10000.0,0.0,flat,112.87798996862288,
2023-02-06 00:00:00+00:00,10000.0,0.0,flat,111.51417655155062,
2023-02-06 01:00:00+00:00,10000.0,0.0,flat,110.66390173117817,
2023-02-06 02:00:00+00:00,10000.0,0.0,flat,111.30954384017753,
2023-02-06 03:00:00+00:00,10000.0,0.0,flat,112.0678105243381,
2023-02-06 04:00:00+00:00,10000.0,0.0,flat,113.5649618902903,
2023-02-06 05:00:00+00:00,10000.0,0.0,flat,118.23558479067324,
2023-02-06 06:00:00+00:00,10000.0,0.0,flat,117.8296775170915,
2023-02-06 07:00:00+00:00,10000.0,0.0,flat,115.97495075053152,
2023-02-06 08:00:00+00:00,10000.0,0.0,flat,112.83062962375259,
2023-02-06 09:00:00+00:00,10000.0,0.0,flat,111.20432118320713,
2023-02-06 10:00:00+00:00,10000.0,0.0,flat,111.14178195674025,
2023-02-06 11:00:00+00:00,10000.0,0.0,flat,115.2147592374027,
2023-02-06 12:00:00+00:00,10000.0,0.0,flat,114.03958585427051,
2023-02-06 13:00:00+00:00,10000.0,0.0,flat,114.56259919830197,
2023-02-06 14:00:00+00:00,10000.0,0.0,flat,114.53642945446911,
2023-02-06 15:00:00+00:00,10000.0,0.0,flat,117.30305492774922,
2023-02-06 16:00:00+00:00,10000.0,0.0,flat,123.39609273429366,
2023-02-06 17:00:00+00:00,10000.0,0.0,flat,122.10509057447145,
2023-02-07 04:00:00+00:00,10000.0,0.0,flat,141.74320220704658,
2023-02-07 05:00:00+00:00,10000.0,0.0,flat,145.11157032398367,
2023-02-07 06:00:00+00:00,10000.0,0.0,flat,149.1937917838729,
2023-02-07 07:00:00+00:00,10000.0,0.0,flat,151.15718786770597,
2023-02-07 08:00:00+00:00,10000.0,0.0,flat,150.6678752980613,
2023-02-07 09:00:00+00:00,10000.0,0.0,flat,151.12573716165673,
2023-02-07 10:00:00+00:00,10000.0,0.0,flat,154.83226444429857,
2023-02-07 11:00:00+00:00,10000.0,0.0,flat,152.33829193025863,
2023-02-07 12:00:00+00:00,10000.0,0.0,flat,153.48105187257298,
2023-02-07 13:00:00+00:00,10000.0,0.0,flat,152.2936161275793,
2023-02-07 14:00:00+00:00,10000.0,0.0,flat,152.39643324133624,
2023-02-07 15:00:00+00:00,10000.0,0.0,flat,156.3589422872537,
2023-02-07 16:00:00+00:00,10000.0,0.0,flat,156.97338326986875,
2023-02-07 17:00:00+00:00,10000.0,0.0,flat,157.134949739591,
2023-02-07 18:00:00+00:00,10000.0,0.0,flat,152.93421564183086,
2023-02-07 19:00:00+00:00,10000.0,0.0,flat,155.24941258377513,
2023-02-07 20:00:00+00:00,10000.0,0.0,flat,157.28235361073658,
2023-02-07 21:00:00+00:00,10000.0,0.0,flat,164.2529660288484,
2023-02-07 22:00:00+00:00,10000.0,0.0,flat,163.26132706327553,
2023-02-07 23:00:00+00:00,10000.0,0.0,flat,163.99487167652669,
2023-02-08 00:00:00+00:00,10000.0,0.0,flat,164.8313501282478,
2023-02-08 01:00:00+00:00,10000.0,0.0,flat,170.13153894265147,
2023-02-08 02:00:00+00:00,10000.0,0.0,flat,169.8245738441544,
2023-02-08 03:00:00+00:00,10000.0,0.0,flat,170.79199562043576,
2023-02-08 04:00:00+00:00,10000.0,0.0,flat,172.89843590395387,
2023-02-08 05:00:00+00:00,10000.0,0.0,flat,173.56228544178552,
2023-02-08 06:00:00+00:00,10000.0,0.0,flat,172.0367052347161,
2023-02-08 07:00:00+00:00,10000.0,0.0,flat,172.7230865728764,
2023-02-08 08:00:00+00:00,10000.0,0.0,flat,176.4896600601991,
2023-02-08 09:00:00+00:00,10000.0,0.0,flat,172.92050590263386,
2023-02-08 10:00:00+00:00,10000.0,0.0,flat,173.39832055582448,
2023-02-08 11:00:00+00:00,10000.0,0.0,flat,171.004344502089,
2023-02-08 12:00:00+00:00,10000.0,0.0,flat,175.15825773947066,
2023-02-08 13:00:00+00:00,10000.0,0.0,flat,169.91973136589075,
2023-02-08 14:00:00+00:00,10000.0,0.0,flat,168.04767521089528,
2023-02-08 15:00:00+00:00,10000.0,0.0,flat,169.3371939662162,
2023-02-08 16:00:00+00:00,10000.0,0.0,flat,174.74057373846685,
2023-02-08 17:00:00+00:00,10000.0,0.0,flat,174.52839195606307,
2023-02-08 18:00:00+00:00,10000.0,0.0,flat,172.61841116129085,
2023-02-08 19:00:00+00:00,10000.0,0.0,flat,179.2545000205455,
2023-02-08 20:00:00+00:00,10000.0,0.0,flat,174.1551042478439,
2023-02-08 21:00:00+00:00,10000.0,0.0,flat,166.67906329216154,
2023-02-08 22:00:00+00:00,10000.0,0.0,flat,168.16917650840855,
2023-02-08 23:00:00+00:00,10000.0,0.0,flat,166.50567472215127,
2023-02-09 00:00:00+00:00,10000.0,0.0,flat,163.15566334038587,
2023-02-09 01:00:00+00:00,10000.0,0.0,flat,165.5001107263696,
2023-02-09 02:00:00+00:00,10000.0,0.0,flat,166.32569399348745,
2023-02-09 03:00:00+00:00,10000.0,0.0,flat,164.4762701708272,
2023-02-09 04:00:00+00:00,10000.0,0.0,flat,160.3341728581841,
2023-02-09 05:00:00+00:00,10000.0,0.0,flat,163.1727350798165,
2023-02-09 06:00:00+00:00,10000.0,0.0,flat,165.325025478192,
2023-02-09 07:00:00+00:00,10000.0,0.0,flat,165.01392600920133,
2023-02-09 08:00:00+00:00,10000.0,0.0,flat,171.23940563368183,
